USERID;MAXV;MAXP;MAXWC;TRAIN_SIZE;TEST_SIZE;ACCURACYP;PRECISIONP;RECALLP;TRAIN_TIME;THEORY
0;1;1;3;190;105;0.6380952596664429;0.37606056531270343;0.4749680757522583;23.794;:~ value(pc3,V1).[-V1@1, V1] 
0;2;2;3;190;105;0.7523810068766276;0.4982746442159017;0.41831743717193604;32.899;:~ value(pc8,V1).[-V1@2, V1] :~ value(pc7,V1).[-V1@1, V1] 
0;3;3;3;190;105;0.7523810068766276;0.4982746442159017;0.41831743717193604;40.031;:~ value(pc8,V1).[-V1@3, V1] :~ value(pc7,V1).[-V1@2, V1] 
0;4;4;3;190;105;0.7523810068766276;0.4982746442159017;0.41831743717193604;47.609;:~ value(pc7,V1).[-V1@1, V1] :~ value(pc8,V1).[-V1@4, V1] 
0;5;5;3;190;105;0.7523810068766276;0.4982746442159017;0.41831743717193604;56.681;:~ value(pc7,V1).[-V1@4, V1] :~ value(pc8,V1).[-V1@5, V1] 
1;1;1;3;190;105;0.720634937286377;0.40968799591064453;0.39030706882476807;24.372;:~ value(pc13,V1).[V1@1, V1] 
1;2;2;3;190;105;0.720634937286377;0.40968799591064453;0.38634713490804035;29.442;:~ value(pc13,V1).[V1@2, V1] :~ value(pc7,V1).[V1@1, V1] 
1;3;3;3;190;105;0.7269841829935709;0.417624553044637;0.3933236598968506;36.704;:~ value(pc13,V1).[V1@2, V1] :~ value(pc0,V1).[V1@1, V1] 
1;4;4;3;190;105;0.7269841829935709;0.417624553044637;0.3933236598968506;44.742;:~ value(pc0,V1).[V1@1, V1] :~ value(pc13,V1).[V1@2, V1] 
1;5;5;3;190;105;0.7269841829935709;0.417624553044637;0.3933236598968506;50.966;:~ value(pc13,V1).[V1@2, V1] :~ value(pc0,V1).[V1@1, V1] 
2;1;1;3;190;105;0.7841269969940186;0.47679682572682697;0.4588509400685628;22.416;:~ value(pc1,V1).[-V1@1, V1] 
2;2;2;3;190;105;0.7968254089355469;0.49094510078430176;0.45854731400807697;30.571;:~ value(pc1,V1).[-V1@2, V1] :~ value(pc9,V1).[-V1@1, V1] 
2;3;3;3;190;105;0.7968254089355469;0.49094510078430176;0.45854731400807697;37.534;:~ value(pc9,V1).[-V1@2, V1] :~ value(pc1,V1).[-V1@3, V1] 
2;4;4;3;190;105;0.7968254089355469;0.49094510078430176;0.45854731400807697;44.86;:~ value(pc1,V1).[-V1@4, V1] :~ value(pc9,V1).[-V1@3, V1] 
2;5;5;3;190;105;0.7968254089355469;0.49094510078430176;0.45854731400807697;52.551;:~ value(pc1,V1).[-V1@5, V1] :~ value(pc9,V1).[-V1@4, V1] 
3;1;1;3;190;105;0.6952381134033203;0.369692325592041;0.3661363919576009;23.959;:~ value(pc13,V1).[V1@1, V1] 
3;2;2;3;190;105;0.7015873591105143;0.375540296236674;0.3686502277851105;31.418;:~ value(pc0,V1).[V1@1, V1] :~ value(pc13,V1).[V1@2, V1] 
3;3;3;3;190;105;0.6952381134033203;0.369692325592041;0.36310821771621704;39.835;:~ value(pc13,V1).[V1@3, V1] :~ value(pc7,V1).[V1@2, V1] 
3;4;4;3;190;105;0.6952381134033203;0.369692325592041;0.36310821771621704;48.601;:~ value(pc9,V1).[V1@3, V1] :~ value(pc13,V1).[V1@4, V1] 
3;5;5;3;190;105;0.6952381134033203;0.369692325592041;0.36310821771621704;57.076;:~ value(pc2,V1).[-V1@3, V1] :~ value(pc13,V1).[V1@5, V1] :~ value(pc14,V1).[V1@4, V1] 
4;1;1;3;190;105;0.7968254089355469;0.4701436360677083;0.47364338239034015;16.15;:~ value(pc9,V1).[V1@1, V1] 
4;2;2;3;190;105;0.8031745751698812;0.4769463539123535;0.4719324509302775;19.535;:~ value(pc9,V1).[V1@2, V1] :~ value(pc8,V1).[V1@1, V1] 
4;3;3;3;190;105;0.8031745751698812;0.4769463539123535;0.4719324509302775;23.709;:~ value(pc9,V1).[V1@2, V1] :~ value(pc7,V1).[-V1@1, V1] 
4;4;4;3;190;105;0.8031745751698812;0.4769463539123535;0.4719324509302775;27.954;:~ value(pc7,V1).[-V1@3, V1] :~ value(pc9,V1).[V1@4, V1] 
4;5;5;3;190;105;0.8031745751698812;0.4769463539123535;0.4719324509302775;32.466;:~ value(pc8,V1).[V1@2, V1] :~ value(pc9,V1).[V1@3, V1] 
5;1;1;3;190;105;0.6952381134033203;0.4641025861104329;0.36222223440806073;20.91;:~ value(pc10,V1).[-V1@1, V1] 
5;2;2;3;190;105;0.7015873591105143;0.47051278750101727;0.36424242456754047;24.306;:~ value(pc10,V1).[-V1@2, V1] :~ value(pc2,V1).[-V1@1, V1] 
5;3;3;3;190;105;0.6952381134033203;0.4641025861104329;0.35947713255882263;28.961;:~ value(pc14,V1).[V1@1, V1] :~ value(pc10,V1).[-V1@3, V1] :~ value(pc6,V1).[-V1@2, V1] 
5;4;4;3;190;105;0.6952381134033203;0.4641025861104329;0.35947713255882263;35.204;:~ value(pc10,V1).[-V1@4, V1] :~ value(pc6,V1).[-V1@3, V1] :~ value(pc9,V1).[-V1@2, V1] 
5;5;5;3;190;105;0.6952381134033203;0.4641025861104329;0.35947713255882263;40.681;:~ value(pc13,V1).[V1@3, V1] :~ value(pc6,V1).[-V1@4, V1] :~ value(pc10,V1).[-V1@5, V1] 
6;1;1;3;190;105;0.7015872796376547;0.4038706620534261;0.34418606758117676;21.852;:~ value(pc9,V1).[-V1@1, V1] 
6;2;2;3;190;105;0.7015872796376547;0.4038706620534261;0.3424242337544759;28.006;:~ value(pc5,V1).[V1@1, V1] :~ value(pc9,V1).[-V1@2, V1] 
6;3;3;3;190;105;0.7142857710520426;0.41252867380777997;0.34633658826351166;37.5;:~ value(pc9,V1).[-V1@3, V1] :~ value(pc2,V1).[V1@2, V1] 
6;4;4;3;190;105;0.7142857710520426;0.41252867380777997;0.34633658826351166;44.777;:~ value(pc0,V1).[V1@3, V1] :~ value(pc9,V1).[-V1@4, V1] 
6;5;5;3;190;105;0.7142857710520426;0.41252867380777997;0.34633658826351166;51.035;:~ value(pc0,V1).[V1@3, V1] :~ value(pc9,V1).[-V1@5, V1] 
7;1;1;3;190;105;0.7904762427012125;0.5269940694173177;0.45771535237630206;16.306;:~ value(pc12,V1).[V1@1, V1] 
7;2;2;3;190;105;0.7968254089355469;0.5370950698852539;0.4559115767478943;18.638;:~ value(pc12,V1).[V1@2, V1] :~ value(pc7,V1).[V1@1, V1] 
7;3;3;3;190;105;0.7968254089355469;0.5370950698852539;0.4559115767478943;22.45;:~ value(pc7,V1).[V1@2, V1] :~ value(pc12,V1).[V1@3, V1] 
7;4;4;3;190;105;0.7968254089355469;0.5370950698852539;0.4559115767478943;26.191;:~ value(pc7,V1).[V1@2, V1] :~ value(pc12,V1).[V1@4, V1] 
7;5;5;3;190;105;0.7904761632283529;0.5269940694173177;0.4488622148831685;29.947;:~ value(pc3,V1).[-V1@3, V1] :~ value(pc12,V1).[V1@4, V1] 
8;1;1;3;190;105;0.8793651262919108;0.573371410369873;0.5597825845082601;14.366;:~ value(pc1,V1).[V1@1, V1] 
8;2;2;3;190;105;0.8920635382334391;0.5869712829589844;0.5562865535418192;18;:~ value(pc1,V1).[V1@2, V1] :~ value(pc13,V1).[V1@1, V1] 
8;3;3;3;190;105;0.8920635382334391;0.5869712829589844;0.5562865535418192;22.351;:~ value(pc13,V1).[V1@1, V1] :~ value(pc1,V1).[V1@2, V1] 
8;4;4;3;190;105;0.8920635382334391;0.5869712829589844;0.5562865535418192;26.633;:~ value(pc1,V1).[V1@4, V1] :~ value(pc13,V1).[V1@3, V1] 
8;5;5;3;190;105;0.8920635382334391;0.5869712829589844;0.5562865535418192;31.279;:~ value(pc13,V1).[V1@1, V1] :~ value(pc1,V1).[V1@2, V1] 
9;1;1;3;190;105;0.7777778307596842;0.4566807746887207;0.45807452996571857;15.95;:~ value(pc1,V1).[V1@1, V1] 
9;2;2;3;190;105;0.7841269969940186;0.4634834925333659;0.4513888955116272;19.429;:~ value(pc6,V1).[-V1@1, V1] :~ value(pc1,V1).[V1@2, V1] 
9;3;3;3;190;105;0.7841269969940186;0.4634834925333659;0.4513888955116272;24.167;:~ value(pc1,V1).[V1@3, V1] :~ value(pc6,V1).[-V1@2, V1] 
9;4;4;3;190;105;0.7777778307596842;0.4566807746887207;0.44534114996592206;27.291;:~ value(pc1,V1).[V1@3, V1] :~ value(pc10,V1).[-V1@2, V1] 
9;5;5;3;190;105;0.7841269969940186;0.4634834925333659;0.4513888955116272;31.782;:~ value(pc5,V1).[-V1@4, V1] :~ value(pc1,V1).[V1@5, V1] 
10;1;1;3;190;105;0.682539701461792;0.34511784712473553;0.34009889761606854;19.205;:~ value(pc12,V1).[-V1@1, V1] 
10;2;2;3;190;105;0.682539701461792;0.34511784712473553;0.33370842536290485;24.598;:~ value(pc12,V1).[-V1@2, V1] :~ value(pc9,V1).[V1@1, V1] 
10;3;3;3;190;105;0.682539701461792;0.34511784712473553;0.33370842536290485;29.945;:~ value(pc9,V1).[V1@2, V1] :~ value(pc12,V1).[-V1@3, V1] 
10;4;4;3;190;105;0.682539701461792;0.34511784712473553;0.33370842536290485;37.9;:~ value(pc9,V1).[V1@3, V1] :~ value(pc12,V1).[-V1@4, V1] 
10;5;5;3;190;105;0.682539701461792;0.34511784712473553;0.33370842536290485;45.087;:~ value(pc9,V1).[V1@1, V1] :~ value(pc12,V1).[-V1@5, V1] 
11;1;1;3;190;105;0.720634937286377;0.40373953183492023;0.39384810129801434;24.187;:~ value(pc7,V1).[V1@1, V1] 
11;2;2;3;190;105;0.720634937286377;0.40373953183492023;0.3907407522201538;31.631;:~ value(pc12,V1).[V1@1, V1] :~ value(pc7,V1).[V1@2, V1] 
11;3;3;3;190;105;0.720634937286377;0.40373953183492023;0.3907407522201538;38.997;:~ value(pc7,V1).[V1@3, V1] :~ value(pc12,V1).[V1@2, V1] 
11;4;4;3;190;105;0.720634937286377;0.40373953183492023;0.3907407522201538;46.513;:~ value(pc7,V1).[V1@4, V1] :~ value(pc4,V1).[-V1@3, V1] 
11;5;5;3;190;105;0.7269841829935709;0.40980013211568195;0.3965856234232585;55.191;:~ value(pc8,V1).[V1@4, V1] :~ value(pc7,V1).[V1@5, V1] 
12;1;1;3;190;105;0.7587301731109619;0.43227513631184894;0.42611265182495117;21.765;:~ value(pc0,V1).[-V1@1, V1] 
12;2;2;3;190;105;0.7587301731109619;0.43227513631184894;0.422893484433492;29.021;:~ value(pc0,V1).[-V1@2, V1] :~ value(pc11,V1).[V1@1, V1] 
12;3;3;3;190;105;0.682539701461792;0.3521163860956828;0.34098227818806964;36.071;:~ value(pc7,V1).[-V1@2, V1] :~ value(pc5,V1).[V1@3, V1] 
12;4;4;3;190;105;0.7587301731109619;0.43227513631184894;0.422893484433492;43.518;:~ value(pc1,V1).[V1@3, V1] :~ value(pc0,V1).[-V1@4, V1] 
12;5;5;3;190;105;0.7587301731109619;0.43227513631184894;0.422893484433492;51.995;:~ value(pc0,V1).[-V1@5, V1] :~ value(pc1,V1).[V1@4, V1] 
13;1;1;3;190;105;0.644444465637207;0.32613635063171387;0.3305555582046509;20.073;:~ value(pc14,V1).[V1@1, V1] 
13;2;2;3;190;105;0.6571428378423055;0.34002526601155597;0.3333333432674408;25.208;:~ value(pc4,V1).[V1@1, V1] :~ value(pc14,V1).[V1@2, V1] 
13;3;3;3;190;105;0.6571428378423055;0.34002526601155597;0.3333333432674408;30.696;:~ value(pc4,V1).[V1@1, V1] :~ value(pc14,V1).[V1@2, V1] 
13;4;4;3;190;105;0.6507936716079712;0.33308080832163495;0.32519615689913434;37.486;:~ value(pc14,V1).[V1@3, V1] :~ value(pc3,V1).[V1@2, V1] 
13;5;5;3;190;105;0.6571428378423055;0.34002526601155597;0.3333333432674408;43.164;:~ value(pc14,V1).[V1@2, V1] :~ value(pc4,V1).[V1@1, V1] 
14;1;1;3;190;105;0.6952381134033203;0.32832523187001544;0.3341750701268514;18.615;:~ value(pc11,V1).[-V1@1, V1] 
14;2;2;3;190;105;0.6952381134033203;0.32832523187001544;0.3253469566504161;25.452;:~ value(pc11,V1).[-V1@2, V1] :~ value(pc1,V1).[-V1@1, V1] 
14;3;3;3;190;105;0.7015873591105143;0.33289142449696857;0.3294912576675415;31.876;:~ value(pc11,V1).[-V1@3, V1] :~ value(pc7,V1).[-V1@2, V1] 
14;4;4;3;190;105;0.7015872796376547;0.3390779097874959;0.3375864028930664;39.826;:~ value(pc10,V1).[V1@3, V1] :~ value(pc11,V1).[-V1@4, V1] 
14;5;5;3;190;105;0.6952381134033203;0.32832523187001544;0.3253469566504161;46.887;:~ value(pc1,V1).[-V1@4, V1] :~ value(pc11,V1).[-V1@5, V1] 
15;1;1;3;190;105;0.6698412895202637;0.37608635425567627;0.36830135186513263;23.029;:~ value(pc5,V1).[-V1@1, V1] 
15;2;2;3;190;105;0.6698412895202637;0.37608635425567627;0.36830135186513263;29.82;:~ value(pc5,V1).[-V1@1, V1] 
15;3;3;3;190;105;0.6698412895202637;0.37608635425567627;0.36830135186513263;38.478;:~ value(pc5,V1).[-V1@1, V1] 
15;4;4;3;190;105;0.6698412895202637;0.37608635425567627;0.36830135186513263;45.487;:~ value(pc5,V1).[-V1@1, V1] 
15;5;5;3;190;105;0.6698412895202637;0.37608635425567627;0.36830135186513263;55.485;:~ value(pc5,V1).[-V1@5, V1] 
16;1;1;3;190;105;0.6126984357833862;0.2975277105967204;0.28114477793375653;23.589;:~ value(pc11,V1).[-V1@1, V1] 
16;2;2;3;190;105;0.7460317611694336;0.4468599160512288;0.41272727648417157;31.498;:~ value(pc13,V1).[-V1@1, V1] :~ value(pc2,V1).[-V1@2, V1] 
16;3;3;3;190;105;0.7396825154622396;0.4396135409673055;0.4059549768765767;39.889;:~ value(pc2,V1).[-V1@3, V1] :~ value(pc14,V1).[-V1@2, V1] 
16;4;4;3;190;105;0.7460317611694336;0.4468599160512288;0.41255442301432294;48.559;:~ value(pc4,V1).[V1@3, V1] :~ value(pc2,V1).[-V1@4, V1] 
16;5;5;3;190;105;0.7396825154622396;0.4396135409673055;0.4059549768765767;52.478;:~ value(pc14,V1).[-V1@4, V1] :~ value(pc2,V1).[-V1@5, V1] 
17;1;1;3;190;105;0.7523810068766276;0.4703703721364339;0.4424010117848714;15.747;:~ value(pc4,V1).[V1@1, V1] 
17;2;2;3;190;105;0.7523810068766276;0.4703703721364339;0.4424010117848714;21.659;:~ value(pc4,V1).[V1@1, V1] 
17;3;3;3;190;105;0.7523810068766276;0.4703703721364339;0.4424010117848714;26.548;:~ value(pc4,V1).[V1@1, V1] 
17;4;4;3;190;105;0.7523810068766276;0.4703703721364339;0.4424010117848714;31.632;:~ value(pc4,V1).[V1@1, V1] 
17;5;5;3;190;105;0.7523810068766276;0.4703703721364339;0.4424010117848714;37.624;:~ value(pc4,V1).[V1@1, V1] 
18;1;1;3;190;105;0.5746031999588013;0.22592592736085257;0.2213258147239685;17.421;:~ value(pc0,V1).[-V1@1, V1] 
18;2;2;3;190;105;0.5809524059295654;0.23148147761821747;0.22403285404046377;23.697;:~ value(pc0,V1).[-V1@2, V1] :~ value(pc10,V1).[V1@1, V1] 
18;3;3;3;190;105;0.5809524059295654;0.23148147761821747;0.22403285404046377;31.006;:~ value(pc0,V1).[-V1@3, V1] :~ value(pc10,V1).[V1@2, V1] 
18;4;4;3;190;105;0.5809524059295654;0.23148147761821747;0.22403285404046377;38.382;:~ value(pc10,V1).[V1@2, V1] :~ value(pc0,V1).[-V1@3, V1] 
18;5;5;3;190;105;0.5809524059295654;0.23148147761821747;0.22403285404046377;46.751;:~ value(pc0,V1).[-V1@5, V1] :~ value(pc10,V1).[V1@4, V1] 
19;1;1;3;190;105;0.6190476020177206;0.2870370348294576;0.2770872513453166;21.79;:~ value(pc7,V1).[-V1@1, V1] 
19;2;2;3;190;105;0.6190476417541504;0.2870370348294576;0.27499385674794513;26.036;:~ value(pc7,V1).[-V1@2, V1] :~ value(pc6,V1).[V1@1, V1] 
19;3;3;3;190;105;0.6190476417541504;0.2870370348294576;0.27499385674794513;30.88;:~ value(pc1,V1).[-V1@1, V1] :~ value(pc7,V1).[-V1@2, V1] 
19;4;4;3;190;105;0.6190476417541504;0.2870370348294576;0.27499385674794513;36.532;:~ value(pc1,V1).[-V1@2, V1] :~ value(pc7,V1).[-V1@4, V1] 
19;5;5;3;190;105;0.6190476417541504;0.2870370348294576;0.27499385674794513;42.783;:~ value(pc1,V1).[-V1@2, V1] :~ value(pc7,V1).[-V1@5, V1] 
20;1;1;3;190;105;0.561904788017273;0.2555555502573649;0.5316660006841024;16.833;:~ value(pc0,V1).[V1@1, V1] 
20;2;2;3;190;105;0.561904788017273;0.2555555502573649;0.5316660006841024;23.201;:~ value(pc0,V1).[V1@1, V1] 
20;3;3;3;190;105;0.561904788017273;0.2555555502573649;0.5316660006841024;27.949;:~ value(pc0,V1).[V1@1, V1] 
20;4;4;3;190;105;0.561904788017273;0.2555555502573649;0.5316660006841024;33.389;:~ value(pc0,V1).[V1@1, V1] 
20;5;5;3;190;105;0.561904788017273;0.2555555502573649;0.5316660006841024;39.45;:~ value(pc0,V1).[V1@1, V1] 
21;1;1;3;190;105;0.676190455754598;0.3562753200531006;0.3358585834503174;25.86;:~ value(pc11,V1).[-V1@1, V1] 
21;2;2;3;190;105;0.6888888676961263;0.37067027886708576;0.33935584624608356;34.35;:~ value(pc11,V1).[-V1@2, V1] :~ value(pc5,V1).[V1@1, V1] 
21;3;3;3;190;105;0.6952381134033203;0.3765182097752889;0.3451245327790578;42.579;:~ value(pc9,V1).[-V1@2, V1] :~ value(pc11,V1).[-V1@3, V1] 
21;4;4;3;190;105;0.6952381134033203;0.3765182097752889;0.3451245327790578;49.494;:~ value(pc11,V1).[-V1@4, V1] :~ value(pc9,V1).[-V1@3, V1] 
21;5;5;3;190;105;0.6888888676961263;0.37067027886708576;0.33935584624608356;59.353;:~ value(pc0,V1).[-V1@3, V1] :~ value(pc11,V1).[-V1@5, V1] 
22;1;1;3;190;105;0.6888888676961263;0.3715292612711589;0.3627946376800537;13.696;:~ value(pc11,V1).[-V1@1, V1] 
22;2;2;3;190;105;0.6888888676961263;0.3715292612711589;0.3627946376800537;19.015;:~ value(pc11,V1).[-V1@1, V1] 
22;3;3;3;190;105;0.7079365253448486;0.3914024035135905;0.37135664621988934;23.116;:~ value(pc3,V1).[V1@2, V1] :~ value(pc11,V1).[-V1@3, V1] 
22;4;4;3;190;105;0.7079365253448486;0.3914024035135905;0.37135664621988934;27.663;:~ value(pc3,V1).[V1@2, V1] :~ value(pc11,V1).[-V1@4, V1] 
22;5;5;3;190;105;0.6888888676961263;0.3715292612711589;0.3627946376800537;31.582;:~ value(pc11,V1).[-V1@1, V1] 
23;1;1;3;190;105;0.5365079641342163;0.23370482524236044;0.19528619448343912;21.905;:~ value(pc11,V1).[-V1@1, V1] 
23;2;2;3;190;105;0.555555542310079;0.2558257381121318;0.20853206515312195;29.123;:~ value(pc11,V1).[-V1@2, V1] :~ value(pc7,V1).[-V1@1, V1] 
23;3;3;3;190;105;0.5492063760757446;0.24873354037602743;0.20332547525564829;36.089;:~ value(pc1,V1).[-V1@2, V1] :~ value(pc11,V1).[-V1@3, V1] 
23;4;4;3;190;105;0.5365079641342163;0.23370482524236044;0.18957842389742532;43.309;:~ value(pc4,V1).[V1@2, V1] :~ value(pc11,V1).[-V1@4, V1] 
23;5;5;3;190;105;0.5492063760757446;0.24873354037602743;0.20332547525564829;51.101;:~ value(pc1,V1).[-V1@4, V1] :~ value(pc11,V1).[-V1@5, V1] 
24;1;1;3;190;105;0.6380952596664429;0.3638461430867513;0.6196046670277914;16.555;:~ value(pc0,V1).[V1@1, V1] 
24;2;2;3;190;105;0.6317460536956787;0.34532761573791504;0.283189316590627;20.91;:~ value(pc13,V1).[-V1@1, V1] :~ value(pc0,V1).[V1@2, V1] 
24;3;3;3;190;105;0.6317460536956787;0.34532761573791504;0.283189316590627;25.734;:~ value(pc13,V1).[-V1@2, V1] :~ value(pc0,V1).[V1@3, V1] 
24;4;4;3;190;105;0.6317460536956787;0.34532761573791504;0.283189316590627;31.546;:~ value(pc0,V1).[V1@4, V1] :~ value(pc5,V1).[-V1@2, V1] 
24;5;5;3;190;105;0.6317460536956787;0.34532761573791504;0.283189316590627;35.481;:~ value(pc5,V1).[-V1@1, V1] :~ value(pc0,V1).[V1@5, V1] 
25;1;1;3;190;105;0.720634937286377;0.4092261791229248;0.39351336161295575;22.663;:~ value(pc13,V1).[V1@1, V1] 
25;2;2;3;190;105;0.7269841829935709;0.4139881134033203;0.3948959906895955;28.146;:~ value(pc0,V1).[V1@1, V1] :~ value(pc13,V1).[V1@2, V1] 
25;3;3;3;190;105;0.7269841829935709;0.4139881134033203;0.3948959906895955;34.707;:~ value(pc13,V1).[V1@3, V1] :~ value(pc8,V1).[V1@2, V1] 
25;4;4;3;190;105;0.7269841829935709;0.4139881134033203;0.3948959906895955;41.49;:~ value(pc8,V1).[V1@3, V1] :~ value(pc13,V1).[V1@4, V1] 
25;5;5;3;190;105;0.720634937286377;0.4092261791229248;0.39106754461924237;48.853;:~ value(pc13,V1).[V1@5, V1] :~ value(pc7,V1).[V1@4, V1] 
26;1;1;3;190;105;0.5365079641342163;0.27965811888376874;0.3517649968465169;17.844;:~ value(pc5,V1).[V1@1, V1] 
26;2;2;3;190;105;0.5428571701049805;0.27589742342631024;0.2439056634902954;21.716;:~ value(pc5,V1).[V1@2, V1] :~ value(pc7,V1).[V1@1, V1] 
26;3;3;3;190;105;0.5428571701049805;0.27589742342631024;0.2439056634902954;26.889;:~ value(pc7,V1).[V1@2, V1] :~ value(pc5,V1).[V1@3, V1] 
26;4;4;3;190;105;0.5428571701049805;0.27589742342631024;0.2439056634902954;31.314;:~ value(pc7,V1).[V1@3, V1] :~ value(pc5,V1).[V1@4, V1] 
26;5;5;3;190;105;0.5428571701049805;0.27589742342631024;0.2439056634902954;37.976;:~ value(pc7,V1).[V1@4, V1] :~ value(pc5,V1).[V1@5, V1] 
27;1;1;3;190;105;0.7587301731109619;0.48014628887176514;0.419186274210612;24.434;:~ value(pc6,V1).[-V1@1, V1] 
27;2;2;3;190;105;0.7650793393452963;0.4851967891057332;0.42039618889490765;27.669;:~ value(pc6,V1).[-V1@2, V1] :~ value(pc13,V1).[-V1@1, V1] 
27;3;3;3;190;105;0.7650793393452963;0.4851967891057332;0.42039618889490765;33.893;:~ value(pc13,V1).[-V1@2, V1] :~ value(pc6,V1).[-V1@3, V1] 
27;4;4;3;190;105;0.7650793393452963;0.4851967891057332;0.42039618889490765;38.693;:~ value(pc13,V1).[-V1@3, V1] :~ value(pc6,V1).[-V1@4, V1] 
27;5;5;3;190;105;0.7650793393452963;0.4851967891057332;0.42039618889490765;44.662;:~ value(pc13,V1).[-V1@4, V1] :~ value(pc6,V1).[-V1@5, V1] 
28;1;1;3;190;105;0.8158730665842692;0.5171209176381429;0.49767080942789715;18.121;:~ value(pc1,V1).[-V1@1, V1] 
28;2;2;3;190;105;0.8222222328186035;0.5234102010726929;0.489606241385142;23.047;:~ value(pc0,V1).[V1@1, V1] :~ value(pc1,V1).[-V1@2, V1] 
28;3;3;3;190;105;0.8222222328186035;0.5234102010726929;0.489606241385142;27.996;:~ value(pc1,V1).[-V1@2, V1] :~ value(pc8,V1).[V1@1, V1] 
28;4;4;3;190;105;0.8285714785257975;0.5308175881703695;0.49561403195063275;33.183;:~ value(pc1,V1).[-V1@3, V1] :~ value(pc10,V1).[-V1@2, V1] 
28;5;5;3;190;105;0.8222222328186035;0.5234102010726929;0.489606241385142;39.656;:~ value(pc0,V1).[V1@4, V1] :~ value(pc1,V1).[-V1@5, V1] 
29;1;1;3;190;105;0.47936511039733887;0.19489153226216635;0.24326600631078085;17.164;:~ value(pc11,V1).[-V1@1, V1] 
29;2;2;3;190;105;0.4730159044265747;0.1820710301399231;0.12843676408131918;22.237;:~ value(pc11,V1).[-V1@2, V1] :~ value(pc4,V1).[V1@1, V1] 
29;3;3;3;190;105;0.47936511039733887;0.19084294637044272;0.13720869024594626;27.533;:~ value(pc1,V1).[-V1@2, V1] :~ value(pc11,V1).[-V1@3, V1] 
29;4;4;3;190;105;0.48571427663167316;0.1989730397860209;0.14228935043017069;32.607;:~ value(pc7,V1).[-V1@2, V1] :~ value(pc11,V1).[-V1@4, V1] 
29;5;5;3;190;105;0.47936511039733887;0.19084294637044272;0.13720869024594626;39.573;:~ value(pc1,V1).[-V1@4, V1] :~ value(pc11,V1).[-V1@5, V1] 
30;1;1;3;190;105;0.6698412895202637;0.33753085136413574;0.34056846300760907;23.924;:~ value(pc9,V1).[-V1@1, V1] 
30;2;2;3;190;105;0.6761905352274576;0.34419751167297363;0.3415300448735555;31.652;:~ value(pc11,V1).[V1@1, V1] :~ value(pc9,V1).[-V1@2, V1] 
30;3;3;3;190;105;0.6761905352274576;0.34419751167297363;0.3415300448735555;38.603;:~ value(pc9,V1).[-V1@2, V1] :~ value(pc11,V1).[V1@1, V1] 
30;4;4;3;190;105;0.6761905352274576;0.34419751167297363;0.3415300448735555;46.522;:~ value(pc9,V1).[-V1@4, V1] :~ value(pc8,V1).[-V1@3, V1] 
30;5;5;3;190;105;0.6761905352274576;0.34419751167297363;0.3415300448735555;55.117;:~ value(pc11,V1).[V1@4, V1] :~ value(pc9,V1).[-V1@5, V1] 
31;1;1;3;190;105;0.6380952199300131;0.4804909626642863;0.478294571240743;16.855;:~ value(pc9,V1).[-V1@1, V1] 
31;2;2;3;190;105;0.6380952199300131;0.31937984625498456;0.31111112236976624;21.028;:~ value(pc12,V1).[V1@1, V1] :~ value(pc9,V1).[-V1@2, V1] 
31;3;3;3;190;105;0.6380952199300131;0.31937984625498456;0.31111112236976624;26.713;:~ value(pc9,V1).[-V1@3, V1] :~ value(pc0,V1).[-V1@1, V1] 
31;4;4;3;190;105;0.6380952199300131;0.31937984625498456;0.31111112236976624;30.338;:~ value(pc9,V1).[-V1@4, V1] :~ value(pc2,V1).[-V1@3, V1] 
31;5;5;3;190;105;0.6317460536956787;0.31382429599761963;0.30944212277730304;36.298;:~ value(pc5,V1).[-V1@1, V1] :~ value(pc9,V1).[-V1@2, V1] 
32;1;1;3;190;105;0.6126983960469564;0.33560534318288165;0.3143039544423421;17.611;:~ value(pc4,V1).[V1@1, V1] 
32;2;2;3;190;105;0.6126984357833862;0.33560534318288165;0.3076639597614606;20.198;:~ value(pc7,V1).[-V1@1, V1] :~ value(pc4,V1).[V1@2, V1] 
32;3;3;3;190;105;0.6126984357833862;0.33560534318288165;0.3076639597614606;25.532;:~ value(pc4,V1).[V1@3, V1] :~ value(pc7,V1).[-V1@2, V1] 
32;4;4;3;190;105;0.6126984357833862;0.33560534318288165;0.3076639597614606;30.549;:~ value(pc7,V1).[-V1@3, V1] :~ value(pc4,V1).[V1@4, V1] 
32;5;5;3;190;105;0.6126984357833862;0.33560534318288165;0.3076639597614606;35.046;:~ value(pc7,V1).[-V1@1, V1] :~ value(pc4,V1).[V1@2, V1] 
33;1;1;3;190;105;0.720634937286377;0.3988095124562581;0.40432969729105633;18.222;:~ value(pc0,V1).[-V1@1, V1] 
33;2;2;3;190;105;0.720634937286377;0.3988095124562581;0.40432969729105633;24.2;:~ value(pc0,V1).[-V1@1, V1] 
33;3;3;3;190;105;0.720634937286377;0.3988095124562581;0.40432969729105633;30.546;:~ value(pc0,V1).[-V1@1, V1] 
33;4;4;3;190;105;0.720634937286377;0.3988095124562581;0.39840273062388104;37.387;:~ value(pc0,V1).[-V1@4, V1] :~ value(pc10,V1).[-V1@3, V1] 
33;5;5;3;190;105;0.720634937286377;0.3988095124562581;0.40432969729105633;44.105;:~ value(pc0,V1).[-V1@1, V1] 
34;1;1;3;190;105;0.7968254089355469;0.499316930770874;0.4890180826187134;16.845;:~ value(pc9,V1).[V1@1, V1] 
34;2;2;3;190;105;0.8031746546427408;0.5047814051310221;0.48671136299769086;22.796;:~ value(pc9,V1).[V1@2, V1] :~ value(pc7,V1).[V1@1, V1] 
34;3;3;3;190;105;0.8095238208770752;0.5102458794911703;0.49074073632558185;28.692;:~ value(pc9,V1).[V1@3, V1] :~ value(pc13,V1).[V1@2, V1] 
34;4;4;3;190;105;0.8095238208770752;0.5102458794911703;0.49074073632558185;34.228;:~ value(pc13,V1).[V1@2, V1] :~ value(pc9,V1).[V1@4, V1] 
34;5;5;3;190;105;0.8031746546427408;0.5047814051310221;0.48671136299769086;40.663;:~ value(pc8,V1).[-V1@4, V1] :~ value(pc9,V1).[V1@5, V1] 
35;1;1;3;190;105;0.8222222328186035;0.5825980504353842;0.5971359411875407;22.907;:~ value(pc1,V1).[-V1@1, V1] 
35;2;2;3;190;105;0.5936507781346639;0.25612743695576984;0.254545455177625;30.997;:~ value(pc10,V1).[V1@2, V1] :~ value(pc1,V1).[-V1@1, V1] 
35;3;3;3;190;105;0.8158729871114095;0.5159313678741455;0.4729532202084859;38.384;:~ value(pc4,V1).[-V1@2, V1] :~ value(pc1,V1).[-V1@3, V1] 
35;4;4;3;190;105;0.8158729871114095;0.5159313678741455;0.4729532202084859;46.813;:~ value(pc1,V1).[-V1@4, V1] :~ value(pc4,V1).[-V1@3, V1] 
35;5;5;3;190;105;0.8222222328186035;0.5208333333333334;0.4775006175041199;54.152;:~ value(pc1,V1).[-V1@5, V1] :~ value(pc11,V1).[V1@4, V1] 
36;1;1;3;190;105;0.6507936318715414;0.38511816660563153;0.34090908368428546;15.144;:~ value(pc11,V1).[-V1@1, V1] 
36;2;2;3;190;105;0.6571428775787354;0.3936651547749837;0.3362480203310649;20.481;:~ value(pc11,V1).[-V1@2, V1] :~ value(pc3,V1).[V1@1, V1] 
36;3;3;3;190;105;0.6507936318715414;0.38511816660563153;0.34090908368428546;25.652;:~ value(pc11,V1).[-V1@1, V1] 
36;4;4;3;190;105;0.6507936318715414;0.38511816660563153;0.34090908368428546;30.283;:~ value(pc11,V1).[-V1@1, V1] 
36;5;5;3;190;105;0.6571428775787354;0.3936651547749837;0.3362480203310649;37.589;:~ value(pc3,V1).[V1@2, V1] :~ value(pc11,V1).[-V1@5, V1] 
37;1;1;3;190;105;0.6571428775787354;0.34806327025095624;0.33440903822580975;18.813;:~ value(pc0,V1).[-V1@1, V1] 
37;2;2;3;190;105;0.6634920438130697;0.35515546798706055;0.3370429178078969;23.771;:~ value(pc0,V1).[-V1@2, V1] :~ value(pc9,V1).[V1@1, V1] 
37;3;3;3;190;105;0.6634920438130697;0.35515546798706055;0.3370429178078969;28.974;:~ value(pc9,V1).[V1@2, V1] :~ value(pc0,V1).[-V1@3, V1] 
37;4;4;3;190;105;0.6634920438130697;0.35515546798706055;0.3370429178078969;33.027;:~ value(pc9,V1).[V1@1, V1] :~ value(pc0,V1).[-V1@2, V1] 
37;5;5;3;190;105;0.6571428775787354;0.34806327025095624;0.32966745893160504;36.903;:~ value(pc3,V1).[-V1@1, V1] :~ value(pc0,V1).[-V1@2, V1] 
38;1;1;3;190;105;0.6571428775787354;0.3654377857844035;0.35037732124328613;19.099;:~ value(pc12,V1).[-V1@1, V1] 
38;2;2;3;190;105;0.6571428775787354;0.3654377857844035;0.34656084577242535;24.139;:~ value(pc12,V1).[-V1@2, V1] :~ value(pc0,V1).[-V1@1, V1] 
38;3;3;3;190;105;0.6571428775787354;0.3654377857844035;0.34656084577242535;29.99;:~ value(pc0,V1).[-V1@1, V1] :~ value(pc12,V1).[-V1@2, V1] 
38;4;4;3;190;105;0.6571428775787354;0.3654377857844035;0.34656084577242535;37.123;:~ value(pc0,V1).[-V1@3, V1] :~ value(pc12,V1).[-V1@4, V1] 
38;5;5;3;190;105;0.6571428775787354;0.3654377857844035;0.34656084577242535;44.555;:~ value(pc0,V1).[-V1@4, V1] :~ value(pc12,V1).[-V1@5, V1] 
39;1;1;3;190;105;0.5682539939880371;0.3703252077102661;0.5541343688964844;24.998;:~ value(pc9,V1).[V1@1, V1] 
39;2;2;3;190;105;0.5555555820465088;0.3536585172017415;0.21659215291341147;33.452;:~ value(pc7,V1).[-V1@1, V1] :~ value(pc9,V1).[V1@2, V1] 
39;3;3;3;190;105;0.5555555820465088;0.3536585172017415;0.21659215291341147;44.421;:~ value(pc9,V1).[V1@3, V1] :~ value(pc7,V1).[-V1@2, V1] 
39;4;4;3;190;105;0.5555555820465088;0.3536585172017415;0.21659215291341147;55.286;:~ value(pc9,V1).[V1@4, V1] :~ value(pc11,V1).[-V1@3, V1] 
39;5;5;3;190;105;0.5555555820465088;0.3536585172017415;0.21659215291341147;60.454;:~ value(pc9,V1).[V1@5, V1] :~ value(pc11,V1).[-V1@3, V1] 
40;1;1;3;190;105;0.6507936318715414;0.35121158758799237;0.328294575214386;19.068;:~ value(pc9,V1).[-V1@1, V1] 
40;2;2;3;190;105;0.6571428775787354;0.3583037853240967;0.32724787791570026;23.924;:~ value(pc14,V1).[V1@1, V1] :~ value(pc9,V1).[-V1@2, V1] 
40;3;3;3;190;105;0.6571428775787354;0.3583037853240967;0.32724787791570026;28.599;:~ value(pc9,V1).[-V1@3, V1] :~ value(pc14,V1).[V1@2, V1] 
40;4;4;3;190;105;0.6571428775787354;0.3583037853240967;0.32724787791570026;33.964;:~ value(pc14,V1).[V1@3, V1] :~ value(pc9,V1).[-V1@4, V1] 
40;5;5;3;190;105;0.6571428775787354;0.3583037853240967;0.32724787791570026;39.586;:~ value(pc14,V1).[V1@1, V1] :~ value(pc9,V1).[-V1@2, V1] 
41;1;1;3;190;105;0.6698412895202637;0.34462841351826984;0.33810420831044513;17.834;:~ value(pc7,V1).[-V1@1, V1] 
41;2;2;3;190;105;0.6698412895202637;0.34462841351826984;0.3345615267753601;22.508;:~ value(pc7,V1).[-V1@2, V1] :~ value(pc4,V1).[-V1@1, V1] 
41;3;3;3;190;105;0.6698412895202637;0.34462841351826984;0.3345615267753601;28.611;:~ value(pc4,V1).[-V1@2, V1] :~ value(pc7,V1).[-V1@3, V1] 
41;4;4;3;190;105;0.6698412895202637;0.34462841351826984;0.3345615267753601;33.468;:~ value(pc14,V1).[V1@2, V1] :~ value(pc7,V1).[-V1@4, V1] 
41;5;5;3;190;105;0.6698412895202637;0.34462841351826984;0.3345615267753601;38.776;:~ value(pc5,V1).[-V1@4, V1] :~ value(pc7,V1).[-V1@5, V1] 
42;1;1;3;190;105;0.688888947168986;0.376035213470459;0.3832267125447591;22.238;:~ value(pc5,V1).[-V1@1, V1] 
42;2;2;3;190;105;0.7015873591105143;0.38793996969858807;0.3834773500760396;25.852;:~ value(pc5,V1).[-V1@2, V1] :~ value(pc0,V1).[-V1@1, V1] 
42;3;3;3;190;105;0.7015873591105143;0.38793996969858807;0.3834773500760396;31.795;:~ value(pc0,V1).[-V1@2, V1] :~ value(pc5,V1).[-V1@3, V1] 
42;4;4;3;190;105;0.7015873591105143;0.38793996969858807;0.3834773500760396;38.697;:~ value(pc0,V1).[-V1@3, V1] :~ value(pc5,V1).[-V1@4, V1] 
42;5;5;3;190;105;0.7015873591105143;0.38793996969858807;0.3834773500760396;44.815;:~ value(pc0,V1).[-V1@4, V1] :~ value(pc5,V1).[-V1@5, V1] 
43;1;1;3;190;105;0.6190476020177206;0.30687397718429565;0.2895348866780599;21.455;:~ value(pc9,V1).[V1@1, V1] 
43;2;2;3;190;105;0.6253968477249146;0.3132842381795247;0.2914803822835286;28.126;:~ value(pc14,V1).[-V1@1, V1] :~ value(pc9,V1).[V1@2, V1] 
43;3;3;3;190;105;0.6253968477249146;0.3132842381795247;0.2914803822835286;35.521;:~ value(pc9,V1).[V1@3, V1] :~ value(pc14,V1).[-V1@2, V1] 
43;4;4;3;190;105;0.6253968477249146;0.3132842381795247;0.2914803822835286;43.62;:~ value(pc14,V1).[-V1@1, V1] :~ value(pc9,V1).[V1@4, V1] 
43;5;5;3;190;105;0.6253968477249146;0.3132842381795247;0.2914803822835286;51.851;:~ value(pc14,V1).[-V1@4, V1] :~ value(pc9,V1).[V1@5, V1] 
44;1;1;3;190;105;0.7015873591105143;0.3710792064666748;0.36839505036671955;23.469;:~ value(pc10,V1).[-V1@1, V1] 
44;2;2;3;190;105;0.7015873591105143;0.3710792064666748;0.3656499683856964;28.865;:~ value(pc10,V1).[-V1@2, V1] :~ value(pc12,V1).[-V1@1, V1] 
44;3;3;3;190;105;0.7015873591105143;0.3710792064666748;0.3656499683856964;36.15;:~ value(pc10,V1).[-V1@3, V1] :~ value(pc12,V1).[-V1@2, V1] 
44;4;4;3;190;105;0.7015873591105143;0.3710792064666748;0.3656499683856964;42.786;:~ value(pc10,V1).[-V1@3, V1] :~ value(pc12,V1).[-V1@2, V1] 
44;5;5;3;190;105;0.7015873591105143;0.3710792064666748;0.3656499683856964;50.655;:~ value(pc12,V1).[-V1@4, V1] :~ value(pc10,V1).[-V1@5, V1] 
45;1;1;3;190;105;0.7269841035207113;0.4226190249125163;0.38510151704152423;11.922;:~ value(pc0,V1).[-V1@1, V1] 
45;2;2;3;190;105;0.7269841035207113;0.4226190249125163;0.38510151704152423;15.108;:~ value(pc0,V1).[-V1@1, V1] 
45;3;3;3;190;105;0.7269841035207113;0.4226190249125163;0.38510151704152423;18.779;:~ value(pc0,V1).[-V1@1, V1] 
45;4;4;3;190;105;0.7269841035207113;0.4226190249125163;0.38510151704152423;22.259;:~ value(pc0,V1).[-V1@1, V1] 
45;5;5;3;190;105;0.7269841035207113;0.4226190249125163;0.38510151704152423;26.72;:~ value(pc0,V1).[-V1@1, V1] 
46;1;1;3;190;105;0.7269841829935709;0.4172113339106242;0.4156314531962077;14.786;:~ value(pc1,V1).[-V1@1, V1] 
46;2;2;3;190;105;0.7269841829935709;0.4172113339106242;0.4156314531962077;19.752;:~ value(pc1,V1).[-V1@2, V1] 
46;3;3;3;190;105;0.7269841829935709;0.4172113339106242;0.4156314531962077;25.389;:~ value(pc1,V1).[-V1@3, V1] 
46;4;4;3;190;105;0.7269841829935709;0.4172113339106242;0.4156314531962077;30.702;:~ value(pc1,V1).[-V1@4, V1] 
46;5;5;3;190;105;0.7269841829935709;0.4172113339106242;0.4156314531962077;36.419;:~ value(pc1,V1).[-V1@5, V1] 
47;1;1;3;190;105;0.8476190567016602;0.5637626250584921;0.5196687380472819;17.384;:~ value(pc1,V1).[V1@1, V1] 
47;2;2;3;190;105;0.8476190567016602;0.5637626250584921;0.5196687380472819;22.249;:~ value(pc1,V1).[V1@1, V1] 
47;3;3;3;190;105;0.8603174686431885;0.5790719985961914;0.5173636476198832;28.039;:~ value(pc1,V1).[V1@3, V1] :~ value(pc5,V1).[V1@2, V1] 
47;4;4;3;190;105;0.8476190567016602;0.5637626250584921;0.5196687380472819;32.941;:~ value(pc1,V1).[V1@3, V1] 
47;5;5;3;190;105;0.8476190567016602;0.5637626250584921;0.5196687380472819;37.589;:~ value(pc1,V1).[V1@5, V1] 
